{
  "ts": 1783903005.7171168,
  "iso": "2026-07-13T00:36:45.717119+00:00",
  "cycle": 11051,
  "clean_shutdown": true
}