{
  "0": {
    "count": 4072.0,
    "total": 2270.565462869851,
    "avg_reward": 0.5576044849876844
  },
  "1": {
    "count": 2557.0,
    "total": 1374.5995244600365,
    "avg_reward": 0.5375829192256694
  },
  "2": {
    "count": 2222.0,
    "total": 1179.00152423907,
    "avg_reward": 0.5306037462822097
  },
  "3": {
    "count": 2209.0,
    "total": 1171.3503497228694,
    "avg_reward": 0.5302627205626389
  }
}