{
  "drive": 0.1842375,
  "strong": 0.13889778302501335,
  "feeling": 0.13889778302501335,
  "understand": 0.13460790497553604,
  "tools": 0.13460790497553604,
  "actually": 0.13460790497553604,
  "mind": 0.13460790497553604,
  "what's": 0.13460790497553604,
  "pressu": 0.13460790497553604,
  "what": 0.13460790497553604,
  "mastery": 0.13460790497553604,
  "systems": 0.13460790497553604,
  "own": 0.13460790497553604,
  "how": 0.13460790497553604,
  "want": 0.13460790497553604,
  "work": 0.13460790497553604,
  "self-assurance": 0.11705770882812501
}