{
  "peer_goal_auditor": 7.920878165286832e-12,
  "long_memory": 8.418405957367245e-12,
  "emotion": 0.5483553227607513,
  "attention/hijack": 0.7128043374204907,
  "peer_emotion_historian": 0.019070452958852423,
  "drive_exploration": 0.28966066133073526,
  "setpoint_regulation": 0.22316696382320808,
  "distress_pressure": 0.11647930724946183,
  "drive_mastery": 0.00028879159513382427,
  "social_presence": 0.15572823451357592,
  "drive_social": 0.024596123222048943,
  "prediction_check": 0.033046264387315276,
  "reward_impulse": 0.3797522513427065
}