{
  "buckets": {
    "exploration_drive": {},
    "impasse_signal": {
      "search_own_files": {
        "n": 18,
        "q": 0.35943310222222224
      },
      "look_outward": {
        "n": 11,
        "q": 0.31117227878787873
      },
      "reflect_on_write_a_cognitive_function_or_tool_that_": {
        "n": 30,
        "q": 0.6667411488740742
      },
      "decide_to_write_code": {
        "n": 1,
        "q": 0.7512
      },
      "update_affect_state": {
        "n": 31,
        "q": 0.35
      },
      "reflect_on_think": {
        "n": 8,
        "q": 0.678393953611111
      },
      "metacog_analyze": {
        "n": 13,
        "q": 0.5547671606837606
      },
      "dream_cycle": {
        "n": 33,
        "q": 0.5611691342195287
      },
      "periodic_self_review": {
        "n": 1,
        "q": 0.35
      },
      "generate_intrinsic_goals": {
        "n": 1,
        "q": 0.668
      },
      "reflect_on_missed_goals": {
        "n": 9,
        "q": 0.7170789543209876
      },
      "narrative_update": {
        "n": 1,
        "q": 0.788
      },
      "propose_value_revision": {
        "n": 4,
        "q": 0.8275849222222222
      },
      "metacog_monitor": {
        "n": 2,
        "q": 0.5651934222222221
      },
      "introspective_planning": {
        "n": 2,
        "q": 0.5657904444444444
      },
      "attempt_regulation": {
        "n": 8,
        "q": 0.6743679791666667
      },
      "leave_note": {
        "n": 2,
        "q": 0.6284562555555556
      },
      "fetch_wikipedia": {
        "n": 1,
        "q": 0.6278439222222223
      },
      "read_rss": {
        "n": 1,
        "q": 0.6117318533333334
      },
      "reflect_as_agents": {
        "n": 2,
        "q": 0.6989561
      },
      "fetch_and_read": {
        "n": 1,
        "q": 0.7732267733333335
      },
      "seek_novelty": {
        "n": 1,
        "q": 0.5968372622222222
      },
      "reflect_on_desire": {
        "n": 1,
        "q": 0.7529770866666667
      },
      "reflect_on_effectiveness": {
        "n": 1,
        "q": 0.35
      },
      "read_a_book": {
        "n": 1,
        "q": 0.5886526133333334
      },
      "reflect_on_internal_agents": {
        "n": 2,
        "q": 0.35
      }
    },
    "social_deficit": {},
    "stable": {
      "search_own_files": {
        "n": 130,
        "q": 0.6768310256410256
      },
      "reflect_on_growth_history": {
        "n": 3,
        "q": 0.5333333333333333
      },
      "generate_intrinsic_goals": {
        "n": 2,
        "q": 0.609
      },
      "wikipedia_search": {
        "n": 8,
        "q": 0.48041
      },
      "update_affect_state": {
        "n": 6,
        "q": 0.45000000000000007
      },
      "metacog_analyze": {
        "n": 35,
        "q": 0.5398697142857142
      },
      "dream_cycle": {
        "n": 179,
        "q": 0.6532581570567351
      },
      "introspective_planning": {
        "n": 75,
        "q": 0.5506695558518518
      },
      "reflect_on_write_a_cognitive_function_or_tool_that_": {
        "n": 339,
        "q": 0.5933625516224185
      },
      "inject_tension_signals": {
        "n": 1,
        "q": 0.7
      },
      "mark_tension_resolved": {
        "n": 1,
        "q": 0.7
      },
      "schedule_in": {
        "n": 1,
        "q": 0.7
      },
      "reflect_on_missed_goals": {
        "n": 420,
        "q": 0.6280973174603173
      },
      "reflect_on_think": {
        "n": 111,
        "q": 0.6444881801801798
      },
      "narrative_update": {
        "n": 33,
        "q": 0.6766666666666667
      },
      "attempt_regulation": {
        "n": 114,
        "q": 0.5928870175438599
      },
      "look_outward": {
        "n": 78,
        "q": 0.6291388888888889
      },
      "leave_note": {
        "n": 47,
        "q": 0.5864311404255321
      },
      "reflect_as_agents": {
        "n": 137,
        "q": 0.6127286301703163
      },
      "seek_novelty": {
        "n": 66,
        "q": 0.6365887777777778
      },
      "reflect_on_desire": {
        "n": 44,
        "q": 0.6528533333333333
      },
      "reflect_on_effectiveness": {
        "n": 22,
        "q": 0.6919333333333334
      },
      "detect_tensions": {
        "n": 21,
        "q": 0.6267760047619049
      },
      "synthesize_from_gap": {
        "n": 1,
        "q": 0.6127823777777779
      },
      "propose_value_revision": {
        "n": 1,
        "q": 0.5544720000000001
      }
    }
  },
  "counts": {
    "search_own_files": 148,
    "reflect_on_growth_history": 3,
    "generate_intrinsic_goals": 3,
    "look_outward": 89,
    "wikipedia_search": 8,
    "update_affect_state": 37,
    "reflect_on_write_a_cognitive_function_or_tool_that_": 369,
    "metacog_analyze": 48,
    "decide_to_write_code": 1,
    "dream_cycle": 212,
    "reflect_on_think": 119,
    "introspective_planning": 77,
    "periodic_self_review": 1,
    "reflect_on_missed_goals": 429,
    "narrative_update": 34,
    "inject_tension_signals": 1,
    "mark_tension_resolved": 1,
    "schedule_in": 1,
    "propose_value_revision": 5,
    "metacog_monitor": 2,
    "attempt_regulation": 122,
    "leave_note": 49,
    "fetch_wikipedia": 1,
    "read_rss": 1,
    "reflect_as_agents": 139,
    "fetch_and_read": 1,
    "seek_novelty": 67,
    "reflect_on_desire": 45,
    "reflect_on_effectiveness": 23,
    "detect_tensions": 21,
    "read_a_book": 1,
    "synthesize_from_gap": 1,
    "reflect_on_internal_agents": 2
  },
  "suppressed": {}
}