{
  "search_own_files": {
    "count": 47,
    "total_reward": 16.22601220622221,
    "avg_reward": 0.34523430226004703
  },
  "reflect_on_growth_history": {
    "count": 2,
    "total_reward": 0.7,
    "avg_reward": 0.35
  },
  "generate_intrinsic_goals": {
    "count": 2,
    "total_reward": 1.336,
    "avg_reward": 0.668
  },
  "look_outward": {
    "count": 10,
    "total_reward": 2.872895066666667,
    "avg_reward": 0.2872895066666667
  },
  "wikipedia_search": {
    "count": 4,
    "total_reward": 1.64328,
    "avg_reward": 0.41082
  },
  "update_affect_state": {
    "count": 105,
    "total_reward": 36.75000000000007,
    "avg_reward": 0.3500000000000007
  },
  "reflect_on_write_a_cognitive_function_or_tool_that_": {
    "count": 77,
    "total_reward": 46.506810372266656,
    "avg_reward": 0.6039845502891773
  },
  "metacog_analyze": {
    "count": 26,
    "total_reward": 14.178428543111112,
    "avg_reward": 0.5453241747350428
  },
  "decide_to_write_code": {
    "count": 1,
    "total_reward": 0.7512,
    "avg_reward": 0.7512
  },
  "dream_cycle": {
    "count": 170,
    "total_reward": 77.10546417293344,
    "avg_reward": 0.453561553958432
  },
  "reflect_on_think": {
    "count": 16,
    "total_reward": 10.432731751111112,
    "avg_reward": 0.6520457344444445
  },
  "introspective_planning": {
    "count": 11,
    "total_reward": 6.477881288888888,
    "avg_reward": 0.5888982989898989
  },
  "periodic_self_review": {
    "count": 3,
    "total_reward": 1.0499999999999998,
    "avg_reward": 0.3499999999999999
  },
  "reflect_on_missed_goals": {
    "count": 25,
    "total_reward": 15.625971817777778,
    "avg_reward": 0.6250388727111111
  },
  "narrative_update": {
    "count": 2,
    "total_reward": 1.5693803555555554,
    "avg_reward": 0.7846901777777777
  },
  "propose_value_revision": {
    "count": 6,
    "total_reward": 4.987093844444445,
    "avg_reward": 0.8311823074074075
  },
  "metacog_monitor": {
    "count": 3,
    "total_reward": 1.6194147555555554,
    "avg_reward": 0.5398049185185184
  },
  "attempt_regulation": {
    "count": 9,
    "total_reward": 6.073343833333334,
    "avg_reward": 0.6748159814814816
  },
  "leave_note": {
    "count": 6,
    "total_reward": 3.9966828277777777,
    "avg_reward": 0.6661138046296297
  },
  "fetch_wikipedia": {
    "count": 2,
    "total_reward": 1.1795397444444444,
    "avg_reward": 0.5897698722222222
  },
  "read_rss": {
    "count": 1,
    "total_reward": 0.6117318533333334,
    "avg_reward": 0.6117318533333334
  },
  "reflect_as_agents": {
    "count": 5,
    "total_reward": 3.2550252777777784,
    "avg_reward": 0.6510050555555557
  },
  "fetch_and_read": {
    "count": 1,
    "total_reward": 0.7732267733333335,
    "avg_reward": 0.7732267733333335
  },
  "seek_novelty": {
    "count": 1,
    "total_reward": 0.5968372622222222,
    "avg_reward": 0.5968372622222222
  },
  "reflect_on_desire": {
    "count": 4,
    "total_reward": 2.425972524,
    "avg_reward": 0.606493131
  },
  "reflect_on_effectiveness": {
    "count": 1,
    "total_reward": 0.35,
    "avg_reward": 0.35
  },
  "detect_tensions": {
    "count": 1,
    "total_reward": 0.7242961,
    "avg_reward": 0.7242961
  },
  "read_a_book": {
    "count": 3,
    "total_reward": 1.7289917022222223,
    "avg_reward": 0.5763305674074074
  },
  "synthesize_from_gap": {
    "count": 1,
    "total_reward": 0.6127823777777779,
    "avg_reward": 0.6127823777777779
  },
  "reflect_on_internal_agents": {
    "count": 3,
    "total_reward": 1.0499999999999998,
    "avg_reward": 0.3499999999999999
  },
  "generate_concepts_from_memories": {
    "count": 1,
    "total_reward": 0.5508057777777777,
    "avg_reward": 0.5508057777777777
  },
  "maybe_surface_association": {
    "count": 2,
    "total_reward": 1.079975288888889,
    "avg_reward": 0.5399876444444445
  },
  "reflect_on_cognition_patterns": {
    "count": 6,
    "total_reward": 2.1,
    "avg_reward": 0.35000000000000003
  },
  "metacog_init": {
    "count": 6,
    "total_reward": 3.0713899031111116,
    "avg_reward": 0.5118983171851853
  },
  "imagine_opposite_self": {
    "count": 1,
    "total_reward": 0.5937573666666667,
    "avg_reward": 0.5937573666666667
  },
  "research_topic": {
    "count": 1,
    "total_reward": 0.8817751411111112,
    "avg_reward": 0.8817751411111112
  },
  "reflect_on_self_beliefs": {
    "count": 1,
    "total_reward": 0.35,
    "avg_reward": 0.35
  },
  "detect_memory_contradictions": {
    "count": 1,
    "total_reward": 0.35,
    "avg_reward": 0.35
  },
  "reflect_on_cognition_schedule": {
    "count": 2,
    "total_reward": 1.2208,
    "avg_reward": 0.6104
  },
  "reflect_on_outcomes": {
    "count": 1,
    "total_reward": 0.35,
    "avg_reward": 0.35
  },
  "read_book": {
    "count": 1,
    "total_reward": 0.5344000000000001,
    "avg_reward": 0.5344000000000001
  }
}