{
  "mode": "reactive",
  "level": 1.0,
  "ema": {
    "active": 0.1747,
    "rest": 0.4073,
    "reactive": 0.5655
  },
  "raw": {
    "active": 0.19257431514214812,
    "rest": 0.3870417418662038,
    "reactive": 0.5692993238816854
  },
  "updated_ts": "2026-06-13T23:24:39.485445+00:00"
}