{
  "mode": "reactive",
  "level": 1.0,
  "ema": {
    "active": 0.0959,
    "rest": 0.3763,
    "reactive": 0.5641
  },
  "raw": {
    "active": 0.1003093633752114,
    "rest": 0.34255792975753285,
    "reactive": 0.5791579823813424
  },
  "updated_ts": "2026-06-13T21:17:13.097077+00:00"
}