{
  "last_run_ts": 1781383721.988736,
  "last_run_iso": "2026-06-13T20:48:41.987976+00:00",
  "last_findings_count": 0
}