{
  "running_total": 0.0,
  "last_check_ts": "2026-06-13T20:45:39.173907Z",
  "next_min_interval_s": 91449.30737417763
}