{
  "buckets": {
    "exploration_drive": {
      "reflect_on_self_beliefs": {
        "n": 10,
        "q": 0.44240288731124433
      },
      "look_outward": {
        "n": 2848,
        "q": 0.4085160645922617
      },
      "mark_private": {
        "n": 6,
        "q": 0.2685779031583071
      },
      "look_around": {
        "n": 1061,
        "q": 0.3219803517958824
      },
      "assess_goal_progress": {
        "n": 4013,
        "q": 0.34971274441476996
      },
      "search_own_files": {
        "n": 1184,
        "q": 0.36812526115830774
      },
      "read_vitals": {
        "n": 9,
        "q": 0.30412091245084544
      },
      "research_topic": {
        "n": 6847,
        "q": 0.47252226877892695
      },
      "reflect_on_outcomes": {
        "n": 5,
        "q": 0.17365705671918757
      },
      "read_text": {
        "n": 11,
        "q": 0.4334601057811109
      },
      "generate_intrinsic_goals": {
        "n": 4485,
        "q": 0.5372893724441707
      },
      "synthesize_from_gap": {
        "n": 23,
        "q": 0.530674043296934
      },
      "periodic_self_review": {
        "n": 8,
        "q": 0.3199858073629198
      },
      "current_awareness": {
        "n": 5,
        "q": 0.30499216573282784
      },
      "reflect_on_effectiveness": {
        "n": 9,
        "q": 0.3222980709335551
      },
      "seek_novelty": {
        "n": 127,
        "q": 0.09281153071140172
      },
      "pick_book": {
        "n": 10,
        "q": 0.43158935786724495
      },
      "evaluate_recent_cognition": {
        "n": 11,
        "q": 0.48335029287232556
      },
      "reflect_on_missed_goals": {
        "n": 10,
        "q": 0.4339633691884777
      },
      "associative_recall": {
        "n": 9,
        "q": 0.42233708254308067
      },
      "detect_memory_contradictions": {
        "n": 10,
        "q": 0.29706453957551177
      },
      "summarize_relationships": {
        "n": 10,
        "q": 0.31694550062914245
      },
      "read_book": {
        "n": 8,
        "q": 0.2778578753080769
      },
      "decide_to_write_code": {
        "n": 658,
        "q": 0.621767654112982
      },
      "wikipedia_search": {
        "n": 1028,
        "q": 0.5592308982129172
      },
      "compose_consolidation": {
        "n": 10,
        "q": 0.367123733080893
      },
      "reflect_as_agents": {
        "n": 8,
        "q": 0.4505404749831883
      },
      "reflect_on_emotion_sensitivity": {
        "n": 7,
        "q": 0.4408994352306562
      },
      "learn_from_reading": {
        "n": 8,
        "q": 0.46287294018589076
      },
      "generate_concepts_from_memories": {
        "n": 9,
        "q": 0.3834164374880818
      },
      "imagine_opposite_self": {
        "n": 9,
        "q": 0.40589471115907455
      },
      "introspective_planning": {
        "n": 10,
        "q": 0.3336001109497248
      },
      "audit_reflective_claims": {
        "n": 10,
        "q": 0.3134378266511345
      },
      "reflect_on_growth_history": {
        "n": 8,
        "q": 0.29382546519388636
      },
      "reflect_on_desire": {
        "n": 10,
        "q": 0.44560682354775144
      },
      "read_rss": {
        "n": 9,
        "q": 0.35458776645405765
      },
      "reflect_on_cognition_patterns": {
        "n": 7,
        "q": 0.28464398330311635
      },
      "reflect_on_think": {
        "n": 7,
        "q": 0.3667863247990747
      },
      "narrative_update": {
        "n": 38,
        "q": 0.71928016114566
      },
      "leave_note": {
        "n": 393,
        "q": 0.5547380703363318
      },
      "read_a_book": {
        "n": 1141,
        "q": 0.5460835898553881
      },
      "extract_semantic_facts": {
        "n": 11,
        "q": 0.42074685447047366
      },
      "survey_environment": {
        "n": 9,
        "q": 0.3465496756288274
      },
      "fetch_wikipedia": {
        "n": 12,
        "q": 0.42506823074764777
      },
      "consolidate_from_long_memory": {
        "n": 10,
        "q": 0.4204466617906888
      },
      "simulate_conflicting_beliefs": {
        "n": 8,
        "q": 0.3959897065637929
      },
      "maybe_surface_association": {
        "n": 9,
        "q": 0.3898537254571179
      },
      "reflect_on_opinions": {
        "n": 9,
        "q": 0.35745780315447284
      },
      "reflect_on_internal_agents": {
        "n": 10,
        "q": 0.3517843579683244
      },
      "attend_goal": {
        "n": 582,
        "q": 0.5348626150378916
      },
      "reflect_on_internal_voices": {
        "n": 6,
        "q": 0.19115011709992402
      },
      "thread_continue": {
        "n": 267,
        "q": 0.5139901506915395
      },
      "process_regret": {
        "n": 8,
        "q": 0.3233805349883463
      },
      "maybe_surface_regret": {
        "n": 8,
        "q": 0.33513110928335993
      },
      "detect_tensions": {
        "n": 7,
        "q": 0.2737916775573919
      },
      "fetch_and_read": {
        "n": 277,
        "q": 0.6893584510353838
      },
      "idle_consolidation_cycle": {
        "n": 6,
        "q": 0.40102386290820524
      },
      "search_files": {
        "n": 94,
        "q": 0.5911826962949218
      },
      "grep_files": {
        "n": 594,
        "q": 0.5435964837556831
      },
      "consolidate_language": {
        "n": 11,
        "q": 0.3922772638715158
      },
      "list_books": {
        "n": 9,
        "q": 0.40576889324420695
      },
      "reflect_on_conversation_patterns": {
        "n": 8,
        "q": 0.299530386074517
      },
      "attempt_regulation": {
        "n": 5,
        "q": 0.13167323107534232
      },
      "run_symbolic_experiments": {
        "n": 4,
        "q": 0.11401168933348274
      },
      "adapt_subgoals": {
        "n": 2,
        "q": 0.05195648260419414
      },
      "exploration_drive_loop": {
        "n": 9,
        "q": 0.3945279161114494
      },
      "write_desktop_note": {
        "n": 7,
        "q": 0.4338090262619903
      },
      "redirect_goal_plan": {
        "n": 5,
        "q": 0.35846158934464856
      },
      "run_embodied_observation": {
        "n": 1,
        "q": 0.05833250207111111
      },
      "compose_section": {
        "n": 18,
        "q": 0.4930314658177561
      }
    },
    "impasse_signal": {
      "read_rss": {
        "n": 1,
        "q": 0.004168799999999999
      },
      "thread_continue": {
        "n": 2,
        "q": 0.11480001744472002
      },
      "wikipedia_search": {
        "n": 1,
        "q": 0.05611200000000001
      },
      "compose_section": {
        "n": 1,
        "q": 0.052331256470588235
      },
      "generate_intrinsic_goals": {
        "n": 2,
        "q": 0.10279949260800002
      },
      "assess_goal_progress": {
        "n": 1,
        "q": 0.033249999999999995
      },
      "look_outward": {
        "n": 1,
        "q": 0.0658048
      }
    },
    "social_deficit": {},
    "stable": {
      "leave_note": {
        "n": 2157,
        "q": 0.5413383782849648
      },
      "look_outward": {
        "n": 3561,
        "q": 0.27082010823841995
      },
      "reflect_on_cognition_patterns": {
        "n": 5,
        "q": 0.4859980877856
      },
      "assess_goal_progress": {
        "n": 16223,
        "q": 0.34494511923093335
      },
      "idle_consolidation_cycle": {
        "n": 5,
        "q": 0.2840653985232921
      },
      "look_around": {
        "n": 798,
        "q": 0.4402096859691155
      },
      "setpoint_regulation_reward": {
        "n": 1536,
        "q": 0.1681640625
      },
      "learn_from_reading": {
        "n": 3,
        "q": 0.2961882221244445
      },
      "research_topic": {
        "n": 6271,
        "q": 0.6261249421819183
      },
      "search_own_files": {
        "n": 483,
        "q": 0.34245347358244055
      },
      "wikipedia_search": {
        "n": 468,
        "q": 0.5378011441561672
      },
      "evaluate_recent_cognition": {
        "n": 1,
        "q": 0.0820304
      },