{
  "buckets": {
    "exploration_drive": {
      "look_outward": {
        "n": 449,
        "q": 0.43214865722168805
      },
      "generate_concepts_from_memories": {
        "n": 1,
        "q": 0.038368000000000006
      },
      "search_own_files": {
        "n": 28,
        "q": 0.38162874766259935
      },
      "survey_environment": {
        "n": 2,
        "q": 0.10968993131600002
      },
      "look_around": {
        "n": 84,
        "q": 0.38482490047590867
      },
      "maybe_surface_association": {
        "n": 1,
        "q": 0.040064
      },
      "generate_intrinsic_goals": {
        "n": 950,
        "q": 0.4463073510015529
      },
      "research_topic": {
        "n": 2306,
        "q": 0.6272559945785451
      },
      "thread_continue": {
        "n": 586,
        "q": 0.49577472444708887
      },
      "compose_consolidation": {
        "n": 3,
        "q": 0.18258462337877335
      },
      "read_a_book": {
        "n": 247,
        "q": 0.5352505211469886
      },
      "simulate_conflicting_beliefs": {
        "n": 3,
        "q": 0.21109671465209598
      },
      "read_text": {
        "n": 4,
        "q": 0.3075218011805867
      },
      "reflect_on_cognition_patterns": {
        "n": 1,
        "q": 0.039165
      },
      "read_rss": {
        "n": 1,
        "q": 0.0742816
      },
      "seek_novelty": {
        "n": 16,
        "q": 0.29057394104328227
      },
      "fetch_wikipedia": {
        "n": 4,
        "q": 0.2293433737291492
      },
      "detect_tensions": {
        "n": 2,
        "q": 0.15326633307333332
      },
      "assess_goal_progress": {
        "n": 257,
        "q": 0.35076390829627047
      },
      "attend_goal": {
        "n": 364,
        "q": 0.5529976809313597
      },
      "pick_book": {
        "n": 1,
        "q": 0.0730124
      },
      "wikipedia_search": {
        "n": 154,
        "q": 0.5300905398863092
      },
      "leave_note": {
        "n": 107,
        "q": 0.5097115511861592
      },
      "reflect_on_missed_goals": {
        "n": 2,
        "q": 0.164567469888
      },
      "periodic_self_review": {
        "n": 2,
        "q": 0.0735123795
      },
      "idle_consolidation_cycle": {
        "n": 2,
        "q": 0.3300938
      },
      "introspective_planning": {
        "n": 5,
        "q": 0.48209896160906224
      },
      "fetch_and_read": {
        "n": 75,
        "q": 0.6156351648486219
      },
      "consolidate_language": {
        "n": 1,
        "q": 0.07183104
      },
      "produce_and_check": {
        "n": 4,
        "q": 0.27637842887047903
      },
      "extract_semantic_facts": {
        "n": 2,
        "q": 0.088113812668544
      },
      "imagine_opposite_self": {
        "n": 2,
        "q": 0.12402768023072223
      },
      "synthesize_from_gap": {
        "n": 2,
        "q": 0.13355795810468535
      },
      "mark_private": {
        "n": 1,
        "q": 0.06963962625
      },
      "reflect_on_conversation_patterns": {
        "n": 1,
        "q": 0.07435254208888889
      },
      "evaluate_recent_cognition": {
        "n": 3,
        "q": 0.1524582395135442
      },
      "reflect_on_emotion_sensitivity": {
        "n": 2,
        "q": 0.14830817528759754
      },
      "reflect_on_effectiveness": {
        "n": 1,
        "q": 0.03899
      },
      "reflect_as_agents": {
        "n": 2,
        "q": 0.145706239480656
      },
      "maybe_surface_regret": {
        "n": 2,
        "q": 0.12116036223555557
      },
      "consolidate_from_long_memory": {
        "n": 1,
        "q": 0.07132111754444444
      },
      "learn_from_reading": {
        "n": 1,
        "q": 0.07702230211666666
      },
      "reflect_on_internal_voices": {
        "n": 2,
        "q": 0.07450920750000001
      },
      "detect_memory_contradictions": {
        "n": 1,
        "q": 0.040494999999999996
      },
      "audit_reflective_claims": {
        "n": 2,
        "q": 0.07304535000000001
      },
      "grep_files": {
        "n": 14,
        "q": 0.44308622050529234
      },
      "reflect_on_think": {
        "n": 4,
        "q": 0.22797660167349157
      },
      "reflect_on_outcomes": {
        "n": 2,
        "q": 0.07326368
      },
      "reflect_on_opinions": {
        "n": 1,
        "q": 0.04172
      },
      "narrative_update": {
        "n": 219,
        "q": 0.7452364915213958
      },
      "read_vitals": {
        "n": 1,
        "q": 0.03829
      },
      "reflect_on_desire": {
        "n": 3,
        "q": 0.23406423493251116
      },
      "decide_to_write_code": {
        "n": 38,
        "q": 0.6482856460401542
      },
      "write_desktop_note": {
        "n": 4,
        "q": 0.17737103833000695
      },
      "run_embodied_observation": {
        "n": 5,
        "q": 0.20103312634605106
      },
      "narrate_experience": {
        "n": 4,
        "q": 0.2017966679171806
      },
      "search_files": {
        "n": 4,
        "q": 0.2219369692412007
      },
      "writability_probe": {
        "n": 1,
        "q": 0.06653280000000002
      },
      "compose_section": {
        "n": 9,
        "q": 0.42636092583832863
      },
      "exploration_drive_loop": {
        "n": 2,
        "q": 0.15510304264
      },
      "fail_overdue_artifact_goals": {
        "n": 1,
        "q": 0.05680672000000001
      },
      "announce_to_dashboard": {
        "n": 1,
        "q": 0.06779910400000001
      },
      "lifespan_rolled": {
        "n": 1,
        "q": 0.08503039999999999
      },
      "reflect_on_self_beliefs": {
        "n": 1,
        "q": 0.03913
      },
      "reflect_on_internal_agents": {
        "n": 1,
        "q": 0.037415
      }
    },
    "impasse_signal": {
      "assess_goal_progress": {
        "n": 2,
        "q": 0.07967455999999999
      },
      "search_own_files": {
        "n": 3,
        "q": 0.10077501068669999
      },
      "look_outward": {
        "n": 3,
        "q": 0.1060735473744
      },
      "thread_continue": {
        "n": 2,
        "q": 0.07554611359999999
      },
      "attend_goal": {
        "n": 2,
        "q": 0.17031118832
      },
      "generate_intrinsic_goals": {
        "n": 5,
        "q": 0.2125924801942203
      },
      "attempt_regulation": {
        "n": 1,
        "q": 0.10962728000000001
      },
      "research_topic": {
        "n": 1,
        "q": 0.025106371199999998
      }
    },
    "social_deficit": {},
    "stable": {
      "leave_note": {
        "n": 1612,
        "q": 0.4621466078399856
      },
      "look_outward": {
        "n": 902,
        "q": 0.15732361220893445
      },
      "look_around": {
        "n": 240,
        "q": 0.4104148929276541
      },
      "generate_intrinsic_goals": {
        "n": 8337,
        "q": 0.5070379722515354
      },
      "assess_goal_progress": {
        "n": 6204,
        "q": 0.3475375309209792
      },
      "search_own_files": {
        "n": 49,
        "q": 0.3782605796531542
      },
      "evaluate_recent_cognition": {
        "n": 7,
        "q": 0.437717175876595
      },
      "attend_goal": {
        "n": 6225,
        "q": 0.48267320362268873
      },
      "decide_to_write_code": {
        "n": 438,
        "q": 0.6597858915905046
      },
      "consolidate_language": {
        "n": 21,
        "q": 0.53786233360429
      },
      "reflect_on_growth_history": {
        "n": 9,
        "q": 0.3474525095335562
      },
      "pick_book": {
        "n": 14,
        "q": 0.4903485901046068
      },
      "setpoint_regulation_reward": {
        "n": 1189,
        "q": 0.1690075693860387
      },
      "simulate_conflicting_beliefs": {
        "n": 18,
        "q": 0.5293852305632247
      },
      "reflect_on_emotion_sensitivity": {
        "n": 9,
        "q": 0.5019967169772981
      },
      "thread_continue": {
        "n": 7049,
        "q": 0.44914218874995865
      },
      "process_regret": {
        "n": 18,
        "q": 0.40990424024305194
      },
      "read_rss": {
        "n": 28,