{
  "leave_note": {
    "count": 1586,
    "total_reward": 882.3114913254707,
    "avg_reward": 0.5563124157159336
  },
  "look_outward": {
    "count": 1273,
    "total_reward": 375.953380291933,
    "avg_reward": 0.29532865694574467
  },
  "look_around": {
    "count": 237,
    "total_reward": 94.86680588777773,
    "avg_reward": 0.4002818813830284
  },
  "generate_concepts_from_memories": {
    "count": 8,
    "total_reward": 4.276745455555556,
    "avg_reward": 0.5345931819444445
  },
  "search_own_files": {
    "count": 61,
    "total_reward": 21.24752000000001,
    "avg_reward": 0.34832000000000013
  },
  "survey_environment": {
    "count": 8,
    "total_reward": 4.81311483,
    "avg_reward": 0.60163935375
  },
  "maybe_surface_association": {
    "count": 8,
    "total_reward": 4.5926944444444455,
    "avg_reward": 0.5740868055555557
  },
  "generate_intrinsic_goals": {
    "count": 8519,
    "total_reward": 4494.296025357661,
    "avg_reward": 0.5275614538511164
  },
  "assess_goal_progress": {
    "count": 6238,
    "total_reward": 2159.316341769989,
    "avg_reward": 0.3461552327300399
  },
  "evaluate_recent_cognition": {
    "count": 9,
    "total_reward": 4.882881077777779,
    "avg_reward": 0.5425423419753088
  },
  "attend_goal": {
    "count": 6288,
    "total_reward": 3328.803598052996,
    "avg_reward": 0.5293898851865452
  },
  "decide_to_write_code": {
    "count": 455,
    "total_reward": 290.94285091799975,
    "avg_reward": 0.639434837182417
  },
  "consolidate_language": {
    "count": 9,
    "total_reward": 5.265252272000001,
    "avg_reward": 0.5850280302222223
  },
  "reflect_on_growth_history": {
    "count": 8,
    "total_reward": 2.8000000000000003,
    "avg_reward": 0.35000000000000003
  },
  "pick_book": {
    "count": 9,
    "total_reward": 5.144157313333333,
    "avg_reward": 0.5715730348148148
  },
  "research_topic": {
    "count": 10601,
    "total_reward": 6881.582430402441,
    "avg_reward": 0.6491446495993247
  },
  "simulate_conflicting_beliefs": {
    "count": 8,
    "total_reward": 5.34512171111111,
    "avg_reward": 0.6681402138888888
  },
  "reflect_on_emotion_sensitivity": {
    "count": 10,
    "total_reward": 6.627275433333334,
    "avg_reward": 0.6627275433333334
  },
  "thread_continue": {
    "count": 7140,
    "total_reward": 3809.1223344408804,
    "avg_reward": 0.5334905230309356
  },
  "process_regret": {
    "count": 15,
    "total_reward": 5.249999999999999,
    "avg_reward": 0.3499999999999999
  },
  "read_rss": {
    "count": 21,
    "total_reward": 8.298470026666665,
    "avg_reward": 0.3951652393650793
  },
  "compose_consolidation": {
    "count": 8,
    "total_reward": 4.860515511111111,
    "avg_reward": 0.6075644388888889
  },
  "read_a_book": {
    "count": 1195,
    "total_reward": 637.3275996291127,
    "avg_reward": 0.5333285352544876
  },
  "seek_novelty": {
    "count": 27,
    "total_reward": 6.975750277777776,
    "avg_reward": 0.2583611213991769
  },
  "reflect_on_internal_agents": {
    "count": 9,
    "total_reward": 3.1500000000000004,
    "avg_reward": 0.35000000000000003
  },
  "notify_user": {
    "count": 13,
    "total_reward": 8.035456,
    "avg_reward": 0.618112
  },
  "read_vitals": {
    "count": 8,
    "total_reward": 2.8000000000000003,
    "avg_reward": 0.35000000000000003
  },
  "extract_semantic_facts": {
    "count": 8,
    "total_reward": 4.570172622222222,
    "avg_reward": 0.5712715777777777
  },
  "summarize_relationships": {
    "count": 9,
    "total_reward": 3.1500000000000004,
    "avg_reward": 0.35000000000000003
  },
  "read_text": {
    "count": 8,
    "total_reward": 4.722144311111111,
    "avg_reward": 0.5902680388888889
  },
  "reflect_on_cognition_patterns": {
    "count": 8,
    "total_reward": 2.8000000000000003,
    "avg_reward": 0.35000000000000003
  },
  "fetch_wikipedia": {
    "count": 8,
    "total_reward": 4.7659226199999996,
    "avg_reward": 0.5957403274999999
  },
  "detect_tensions": {
    "count": 18,
    "total_reward": 11.239290042222223,
    "avg_reward": 0.6244050023456791
  },
  "detect_memory_contradictions": {
    "count": 8,
    "total_reward": 2.8000000000000003,
    "avg_reward": 0.35000000000000003
  },
  "fetch_and_read": {
    "count": 962,
    "total_reward": 687.5431283315617,
    "avg_reward": 0.7147017966024549
  },
  "learn_from_reading": {
    "count": 25,
    "total_reward": 16.489420124888888,
    "avg_reward": 0.6595768049955555
  },
  "current_awareness": {
    "count": 8,
    "total_reward": 4.647589155555556,
    "avg_reward": 0.5809486444444445
  },
  "consolidate_from_long_memory": {
    "count": 8,
    "total_reward": 4.740350911111111,
    "avg_reward": 0.5925438638888889
  },
  "wikipedia_search": {
    "count": 271,
    "total_reward": 148.12607664466734,
    "avg_reward": 0.5465906887257097
  },
  "mark_private": {
    "count": 8,
    "total_reward": 5.193598266666667,
    "avg_reward": 0.6491997833333334
  },
  "narrative_update": {
    "count": 3332,
    "total_reward": 2468.722991030456,
    "avg_reward": 0.7409132626141824
  },
  "reflect_on_missed_goals": {
    "count": 18,
    "total_reward": 11.294907833333335,
    "avg_reward": 0.6274948796296297
  },
  "reflect_on_conversation_patterns": {
    "count": 8,
    "total_reward": 5.774435977777778,
    "avg_reward": 0.7218044972222223
  },
  "reflect_on_internal_voices": {
    "count": 8,
    "total_reward": 2.8000000000000003,
    "avg_reward": 0.35000000000000003
  },
  "associative_recall": {
    "count": 11,
    "total_reward": 6.454361259955556,
    "avg_reward": 0.5867601145414142
  },
  "periodic_self_review": {
    "count": 8,
    "total_reward": 2.8000000000000003,
    "avg_reward": 0.35000000000000003
  },
  "idle_consolidation_cycle": {
    "count": 8,
    "total_reward": 4.972533975555555,
    "avg_reward": 0.6215667469444444
  },
  "read_book": {
    "count": 8,
    "total_reward": 4.6502876888888895,
    "avg_reward": 0.5812859611111112
  },
  "reflect_on_self_beliefs": {
    "count": 14,
    "total_reward": 4.8999999999999995,
    "avg_reward": 0.35
  },
  "maybe_surface_regret": {
    "count": 8,
    "total_reward": 4.745409544444445,
    "avg_reward": 0.5931761930555556
  },
  "imagine_opposite_self": {
    "count": 10,
    "total_reward": 5.7980071111111116,
    "avg_reward": 0.5798007111111112
  },
  "introspective_planning": {
    "count": 9,
    "total_reward": 5.333363788888889,
    "avg_reward": 0.5925959765432098
  },
  "synthesize_from_gap": {
    "count": 8,
    "total_reward": 4.820043922222222,
    "avg_reward": 0.6025054902777778
  },
  "audit_reflective_claims": {
    "count": 8,
    "total_reward": 2.8000000000000003,
    "avg_reward": 0.35000000000000003
  },
  "list_books": {
    "count": 8,
    "total_reward": 4.695957066666667,
    "avg_reward": 0.5869946333333333
  },
  "reflect_as_agents": {
    "count": 8,
    "total_reward": 5.467305277777778,
    "avg_reward": 0.6834131597222223
  },
  "produce_and_check": {
    "count": 18,
    "total_reward": 10.474024923828281,
    "avg_reward": 0.5818902735460156
  },
  "reflect_on_outcomes": {
    "count": 8,
    "total_reward": 2.8000000000000003,
    "avg_reward": 0.35000000000000003
  },
  "reflect_on_think": {
    "count": 73,
    "total_reward": 44.870335077777746,
    "avg_reward": 0.6146621243531198
  },
  "write_desktop_note": {
    "count": 43,
    "total_reward": 27.37999933888889,
    "avg_reward": 0.6367441706718346
  },
  "run_symbolic_experiments": {
    "count": 7,
    "total_reward": 1.631026808888889,
    "avg_reward": 0.23300382984126985
  },
  "reflect_on_effectiveness": {
    "count": 8,
    "total_reward": 2.8000000000000003,
    "avg_reward": 0.35000000000000003
  },
  "reflect_on_desire": {
    "count": 20,
    "total_reward": 12.795940758222223,
    "avg_reward": 0.6397970379111111
  },
  "grep_files": {
    "count": 16,
    "total_reward": 8.789491655555555,
    "avg_reward": 0.5493432284722222
  },
  "adapt_subgoals": {
    "count": 58,