{
  "mode": "active",
  "level": 1.0,
  "ema": {
    "active": 0.4162,
    "rest": 0.0587,
    "reactive": 0.0004
  },
  "raw": {
    "active": 0.3964200541219218,
    "rest": 0.08226832424844628,
    "reactive": 0.0
  },
  "updated_ts": "2026-07-18T13:47:38.115399+00:00"
}