{
  "ts": 1784382430.157662,
  "iso": "2026-07-18T13:47:10.157666+00:00",
  "cycle": 2658,
  "clean_shutdown": false
}