{
  "0": {
    "count": 651.0,
    "total": 351.64122343633426,
    "avg_reward": 0.540155489149515
  },
  "1": {
    "count": 628.0,
    "total": 336.8833415951783,
    "avg_reward": 0.5364384420305387
  },
  "2": {
    "count": 655.0,
    "total": 354.03245156911123,
    "avg_reward": 0.5405075596474981
  },
  "3": {
    "count": 736.0,
    "total": 405.05195559466745,
    "avg_reward": 0.5503423309710156
  }
}