{
  "running_total": 0.0,
  "last_check_ts": "2026-07-18T12:50:16.617512Z",
  "next_min_interval_s": 29448.159518814708
}