{
  "understand my own mind and how i work more deeply": 1784376428.1462479,
  "open question: what do you\nthink?": 1784376968.9296691,
  "strengthen cognitive symbolic reasoning": 1784382018.634463,
  "strengthen emotional symbolic reasoning": 1784382025.947239,
  "understand mathematics more deeply": 1784382061.5737238,
  "trace in my own code what drives 'action'": 1784382068.91178,
  "trace in my own code what drives 'host machine is quiet'": 1784382111.510346
}