{
  "_drift_mu": 0.08118728246072762,
  "_drift_sd": 0.0038701370870599947,
  "_current_mode": "adaptive"
}