{
  "strong": 0.255,
  "feeling": 0.255,
  "drive": 0.21893819039206683,
  "curiosity": 0.11997688477374925
}