{
  "buckets": {
    "exploration_drive": {
      "look_outward": {
        "n": 28,
        "q": 0.28783789548065475
      },
      "generate_concepts_from_memories": {
        "n": 1,
        "q": 0.038368000000000006
      },
      "search_own_files": {
        "n": 4,
        "q": 0.607412387125
      },
      "survey_environment": {
        "n": 2,
        "q": 0.10968993131600002
      },
      "look_around": {
        "n": 7,
        "q": 0.3463731147629814
      },
      "maybe_surface_association": {
        "n": 1,
        "q": 0.040064
      },
      "generate_intrinsic_goals": {
        "n": 184,
        "q": 0.45463067607681223
      },
      "research_topic": {
        "n": 619,
        "q": 0.648378033551764
      },
      "thread_continue": {
        "n": 70,
        "q": 0.5129243602403118
      },
      "compose_consolidation": {
        "n": 3,
        "q": 0.18258462337877335
      },
      "read_a_book": {
        "n": 40,
        "q": 0.5223226756025303
      },
      "simulate_conflicting_beliefs": {
        "n": 3,
        "q": 0.21109671465209598
      },
      "read_text": {
        "n": 4,
        "q": 0.3075218011805867
      },
      "reflect_on_cognition_patterns": {
        "n": 1,
        "q": 0.039165
      },
      "read_rss": {
        "n": 1,
        "q": 0.0742816
      },
      "seek_novelty": {
        "n": 4,
        "q": 0.1330968965706848
      },
      "fetch_wikipedia": {
        "n": 4,
        "q": 0.2293433737291492
      },
      "detect_tensions": {
        "n": 2,
        "q": 0.15326633307333332
      },
      "assess_goal_progress": {
        "n": 31,
        "q": 0.32408370407593473
      },
      "attend_goal": {
        "n": 113,
        "q": 0.5307125613478378
      },
      "pick_book": {
        "n": 1,
        "q": 0.0730124
      },
      "wikipedia_search": {
        "n": 147,
        "q": 0.5165942591185195
      },
      "leave_note": {
        "n": 49,
        "q": 0.521019861501033
      },
      "reflect_on_missed_goals": {
        "n": 2,
        "q": 0.164567469888
      },
      "periodic_self_review": {
        "n": 2,
        "q": 0.0735123795
      },
      "idle_consolidation_cycle": {
        "n": 2,
        "q": 0.3300938
      },
      "introspective_planning": {
        "n": 5,
        "q": 0.48209896160906224
      },
      "fetch_and_read": {
        "n": 63,
        "q": 0.7060890408499468
      },
      "consolidate_language": {
        "n": 1,
        "q": 0.07183104
      },
      "produce_and_check": {
        "n": 4,
        "q": 0.27637842887047903
      },
      "extract_semantic_facts": {
        "n": 2,
        "q": 0.088113812668544
      },
      "imagine_opposite_self": {
        "n": 2,
        "q": 0.12402768023072223
      },
      "synthesize_from_gap": {
        "n": 2,
        "q": 0.13355795810468535
      },
      "mark_private": {
        "n": 1,
        "q": 0.06963962625
      },
      "reflect_on_conversation_patterns": {
        "n": 1,
        "q": 0.07435254208888889
      },
      "evaluate_recent_cognition": {
        "n": 3,
        "q": 0.1524582395135442
      },
      "reflect_on_emotion_sensitivity": {
        "n": 2,
        "q": 0.14830817528759754
      },
      "reflect_on_effectiveness": {
        "n": 1,
        "q": 0.03899
      },
      "reflect_as_agents": {
        "n": 2,
        "q": 0.145706239480656
      },
      "maybe_surface_regret": {
        "n": 2,
        "q": 0.12116036223555557
      },
      "consolidate_from_long_memory": {
        "n": 1,
        "q": 0.07132111754444444
      },
      "learn_from_reading": {
        "n": 1,
        "q": 0.07702230211666666
      },
      "reflect_on_internal_voices": {
        "n": 2,
        "q": 0.07450920750000001
      },
      "detect_memory_contradictions": {
        "n": 1,
        "q": 0.040494999999999996
      },
      "audit_reflective_claims": {
        "n": 2,
        "q": 0.07304535000000001
      },
      "grep_files": {
        "n": 4,
        "q": 0.2097786419436299
      },
      "reflect_on_think": {
        "n": 4,
        "q": 0.22797660167349157
      },
      "reflect_on_outcomes": {
        "n": 2,
        "q": 0.07326368
      },
      "reflect_on_opinions": {
        "n": 1,
        "q": 0.04172
      },
      "narrative_update": {
        "n": 28,
        "q": 0.6809860521836906
      },
      "read_vitals": {
        "n": 1,
        "q": 0.03829
      },
      "reflect_on_desire": {
        "n": 3,
        "q": 0.23406423493251116
      },
      "decide_to_write_code": {
        "n": 2,
        "q": 0.1365676052
      },
      "write_desktop_note": {
        "n": 4,
        "q": 0.17737103833000695
      },
      "run_embodied_observation": {
        "n": 1,
        "q": 0.059104640000000014
      },
      "narrate_experience": {
        "n": 1,
        "q": 0.06311264000000001
      }
    },
    "impasse_signal": {},
    "social_deficit": {},
    "stable": {
      "leave_note": {
        "n": 990,
        "q": 0.5239028896444362
      },
      "look_outward": {
        "n": 77,
        "q": 0.19615220968624136
      },
      "look_around": {
        "n": 17,
        "q": 0.5460043465334381
      },
      "generate_intrinsic_goals": {
        "n": 2134,
        "q": 0.44490815357993885
      },
      "assess_goal_progress": {
        "n": 1541,
        "q": 0.3466671725417508
      },
      "search_own_files": {
        "n": 15,
        "q": 0.5231916415013652
      },
      "evaluate_recent_cognition": {
        "n": 7,
        "q": 0.437717175876595
      },
      "attend_goal": {
        "n": 2408,
        "q": 0.41022750367622124
      },
      "decide_to_write_code": {
        "n": 81,
        "q": 0.5975853113502172
      },
      "consolidate_language": {
        "n": 21,
        "q": 0.53786233360429
      },
      "reflect_on_growth_history": {
        "n": 9,
        "q": 0.3474525095335562
      },
      "pick_book": {
        "n": 14,
        "q": 0.4903485901046068
      },
      "setpoint_regulation_reward": {
        "n": 321,
        "q": 0.1680685358255453
      },
      "simulate_conflicting_beliefs": {
        "n": 18,
        "q": 0.5293852305632247
      },
      "reflect_on_emotion_sensitivity": {
        "n": 9,
        "q": 0.5019967169772981
      },
      "thread_continue": {
        "n": 1468,
        "q": 0.5134015239601684
      },
      "process_regret": {
        "n": 9,
        "q": 0.3475620114298185
      },
      "read_rss": {
        "n": 14,
        "q": 0.4207705545766367
      },
      "seek_novelty": {
        "n": 8,
        "q": 0.151929483084895
      },
      "reflect_on_internal_agents": {
        "n": 8,
        "q": 0.2062090654800508
      },
      "notify_user": {
        "n": 15,
        "q": 0.443428075960149
      },
      "read_vitals": {
        "n": 10,
        "q": 0.24126188760099854
      },
      "extract_semantic_facts": {
        "n": 14,
        "q": 0.42144619673078587
      },
      "summarize_relationships": {
        "n": 12,
        "q": 0.25525178409322674
      },
      "survey_environment": {
        "n": 6,
        "q": 0.2929987002139598
      },
      "grep_files": {
        "n": 3,
        "q": 0.08010079573333333
      },
      "compose_consolidation": {
        "n": 24,
        "q": 0.4512334959312081
      },
      "research_topic": {
        "n": 2365,
        "q": 0.5711781351117012
      },
      "produce_and_check": {
        "n": 33,
        "q": 0.47064449929776386
      },
      "read_a_book": {
        "n": 52,
        "q": 0.4930932687216691
      },
      "detect_memory_contradictions": {
        "n": 9,
        "q": 0.30437096433847766
      },
      "fetch_and_read": {
        "n": 1103,
        "q": 0.7011404639043347
      },
      "maybe_surface_association": {
        "n": 12,
        "q": 0.42353972757135
      },
      "learn_from_reading": {
        "n": 26,
        "q": 0.5724943966085123
      },
      "current_awareness": {
        "n": 8,