{
  "ts": 1783772166.620374,
  "iso": "2026-07-11T12:16:06.620376+00:00",
  "cycle": 13334,
  "clean_shutdown": true
}