{
  "0": {
    "count": 2535.0,
    "total": 1383.7064868318598,
    "avg_reward": 0.5458408232078342
  },
  "1": {
    "count": 2448.0,
    "total": 1331.671830877838,
    "avg_reward": 0.5439835910448685
  },
  "2": {
    "count": 5866.0,
    "total": 3399.187732495226,
    "avg_reward": 0.5794728490445322
  },
  "3": {
    "count": 2492.0,
    "total": 1358.321828767486,
    "avg_reward": 0.5450729649949784
  }
}