{
  "feeling": 0.14080073147935515,
  "strong": 0.14080073147935515,
  "drive": 0.255,
  "own": 0.14923535209980937,
  "mind": 0.10695901339979992,
  "similar": 0.044893856108146654,
  "dream": 0.044893856108146654,
  "understand": 0.14923535209980937,
  "remembering": 0.044893856108146654,
  "situation": 0.044893856108146654,
  "how": 0.14923535209980937,
  "work": 0.14923535209980937,
  "labyrinth": 0.044893856108146654,
  "since": 0.044893856108146654,
  "dusk": 0.044893856108146654,
  "systems": 0.14661783469167217,
  "tools": 0.14661783469167217,
  "want": 0.14661783469167217,
  "what": 0.14661783469167217,
  "actually": 0.14661783469167217,
  "mastery": 0.14661783469167217,
  "pressu": 0.14661783469167217,
  "what's": 0.14661783469167217,
  "suggest": 0.03989601899728173,
  "self-assurance": 0.12937053125
}