{
  "buckets": {
    "exploration_drive": {
      "search_own_files": {
        "n": 7,
        "q": 0.509770881204864
      },
      "look_outward": {
        "n": 38,
        "q": 0.3860611374850171
      },
      "research_topic": {
        "n": 568,
        "q": 0.627325223145015
      },
      "generate_intrinsic_goals": {
        "n": 61,
        "q": 0.49918979882881775
      },
      "read_a_book": {
        "n": 93,
        "q": 0.5121755103685159
      },
      "look_around": {
        "n": 13,
        "q": 0.30395041277165313
      },
      "wikipedia_search": {
        "n": 160,
        "q": 0.5090936626903719
      },
      "fetch_and_read": {
        "n": 116,
        "q": 0.5732983398620187
      },
      "reflect_on_cognition_patterns": {
        "n": 2,
        "q": 0.0736375255
      },
      "maybe_surface_regret": {
        "n": 1,
        "q": 0.060006000000000004
      },
      "attend_goal": {
        "n": 162,
        "q": 0.5275960436633931
      },
      "simulate_conflicting_beliefs": {
        "n": 5,
        "q": 0.2693878320073932
      },
      "seek_novelty": {
        "n": 10,
        "q": 0.3895962580899541
      },
      "leave_note": {
        "n": 48,
        "q": 0.5160148590008418
      },
      "read_text": {
        "n": 1,
        "q": 0.0750832
      },
      "reflect_on_desire": {
        "n": 3,
        "q": 0.19474832063610537
      },
      "consolidate_language": {
        "n": 1,
        "q": 0.0763524
      },
      "generate_concepts_from_memories": {
        "n": 6,
        "q": 0.30970728903501454
      },
      "process_regret": {
        "n": 2,
        "q": 0.074414445
      },
      "audit_reflective_claims": {
        "n": 1,
        "q": 0.038604999999999993
      },
      "imagine_opposite_self": {
        "n": 3,
        "q": 0.1650013212643417
      },
      "associative_recall": {
        "n": 2,
        "q": 0.14421468556355557
      },
      "produce_and_check": {
        "n": 1,
        "q": 0.09071620000000001
      },
      "pick_book": {
        "n": 1,
        "q": 0.0827008
      },
      "summarize_relationships": {
        "n": 2,
        "q": 0.074103904
      },
      "reflect_as_agents": {
        "n": 3,
        "q": 0.203393687180288
      },
      "learn_from_reading": {
        "n": 12,
        "q": 0.48914904590328
      },
      "introspective_planning": {
        "n": 2,
        "q": 0.1294756203822222
      },
      "thread_continue": {
        "n": 5,
        "q": 0.23705148299337303
      },
      "evaluate_recent_cognition": {
        "n": 2,
        "q": 0.15812410047999997
      },
      "reflect_on_emotion_sensitivity": {
        "n": 2,
        "q": 0.13423797408000002
      },
      "read_vitals": {
        "n": 1,
        "q": 0.03738
      },
      "detect_memory_contradictions": {
        "n": 1,
        "q": 0.039095
      },
      "reflect_on_internal_agents": {
        "n": 2,
        "q": 0.073637018
      },
      "reflect_on_growth_history": {
        "n": 2,
        "q": 0.072859178
      },
      "narrative_update": {
        "n": 330,
        "q": 0.7167474754827997
      },
      "reflect_on_missed_goals": {
        "n": 2,
        "q": 0.13837602756556133
      },
      "reflect_on_opinions": {
        "n": 3,
        "q": 0.10273435635365
      },
      "detect_tensions": {
        "n": 4,
        "q": 0.22814118696078994
      },
      "extract_semantic_facts": {
        "n": 2,
        "q": 0.12424813831993956
      },
      "mark_private": {
        "n": 1,
        "q": 0.0623011503111111
      },
      "survey_environment": {
        "n": 1,
        "q": 0.06536270154666667
      },
      "assess_goal_progress": {
        "n": 24,
        "q": 0.32852571494610816
      },
      "reflect_on_self_beliefs": {
        "n": 1,
        "q": 0.038955
      },
      "idle_consolidation_cycle": {
        "n": 3,
        "q": 0.15965044199843534
      },
      "decide_to_write_code": {
        "n": 247,
        "q": 0.5967553090261188
      },
      "reflect_on_effectiveness": {
        "n": 3,
        "q": 0.102907202615
      },
      "consolidate_from_long_memory": {
        "n": 2,
        "q": 0.10494605375971731
      },
      "synthesize_from_gap": {
        "n": 3,
        "q": 0.16920955333316015
      },
      "reflect_on_think": {
        "n": 9,
        "q": 0.392337175324328
      },
      "read_book": {
        "n": 1,
        "q": 0.06290050825
      },
      "reflect_on_internal_voices": {
        "n": 1,
        "q": 0.037939999999999995
      },
      "periodic_self_review": {
        "n": 1,
        "q": 0.038604999999999993
      },
      "reflect_on_outcomes": {
        "n": 2,
        "q": 0.0723314725
      },
      "write_desktop_note": {
        "n": 1,
        "q": 0.058763798400000004
      },
      "grep_files": {
        "n": 3,
        "q": 0.15422640843424001
      },
      "run_embodied_observation": {
        "n": 1,
        "q": 0.04501785600000001
      },
      "reflect_on_conversation_patterns": {
        "n": 1,
        "q": 0.06864208000000001
      },
      "adapt_subgoals": {
        "n": 1,
        "q": 0.04639340160000001
      }
    },
    "impasse_signal": {},
    "social_deficit": {},
    "stable": {
      "assess_goal_progress": {
        "n": 975,
        "q": 0.34978469083144914
      },
      "reflect_on_conversation_patterns": {
        "n": 57,
        "q": 0.5769440753885632
      },
      "look_outward": {
        "n": 85,
        "q": 0.2654644676515002
      },
      "generate_intrinsic_goals": {
        "n": 791,
        "q": 0.5071770327848633
      },
      "detect_memory_contradictions": {
        "n": 7,
        "q": 0.1867668589572405
      },
      "leave_note": {
        "n": 1319,
        "q": 0.4538699434899804
      },
      "detect_tensions": {
        "n": 63,
        "q": 0.5947969809349257
      },
      "current_awareness": {
        "n": 9,
        "q": 0.5227041544132157
      },
      "maybe_surface_association": {
        "n": 18,
        "q": 0.4404887542834727
      },
      "list_books": {
        "n": 11,
        "q": 0.3761494141089302
      },
      "attend_goal": {
        "n": 3241,
        "q": 0.466874821022213
      },
      "consolidate_language": {
        "n": 8,
        "q": 0.3417049789954471
      },
      "look_around": {
        "n": 78,
        "q": 0.4661702576612179
      },
      "setpoint_regulation_reward": {
        "n": 441,
        "q": 0.16768707482993195
      },
      "read_a_book": {
        "n": 219,
        "q": 0.5466730337693322
      },
      "survey_environment": {
        "n": 15,
        "q": 0.3797597870895905
      },
      "summarize_relationships": {
        "n": 13,
        "q": 0.27723414441170635
      },
      "research_topic": {
        "n": 3760,
        "q": 0.5765601094822084
      },
      "compose_consolidation": {
        "n": 22,
        "q": 0.4410538426950086
      },
      "periodic_self_review": {
        "n": 9,
        "q": 0.2167808692749152
      },
      "extract_semantic_facts": {
        "n": 13,
        "q": 0.3597548918783047
      },
      "decide_to_write_code": {
        "n": 2045,
        "q": 0.5823608798224489
      },
      "reflect_on_effectiveness": {
        "n": 5,
        "q": 0.1453074370343011
      },
      "reflect_on_internal_agents": {
        "n": 11,
        "q": 0.2487185813800775
      },
      "read_vitals": {
        "n": 8,
        "q": 0.20346054289605284
      },
      "reflect_on_self_beliefs": {
        "n": 7,
        "q": 0.1841577258243996
      },
      "reflect_on_think": {
        "n": 144,
        "q": 0.5949648381154194
      },
      "learn_from_reading": {
        "n": 103,
        "q": 0.618024793173778
      },
      "read_book": {
        "n": 33,
        "q": 0.48206852409735207
      },
      "reflect_on_outcomes": {
        "n": 6,
        "q": 0.16766979454910974
      },
      "generate_concepts_from_memories": {
        "n": 32,